# corpus_fingerprint	8fca4c5146a38e03
# n_samples	100
sample_idx	task_id	source
0	MBPP/67	mbpp
1	MBPP/64	mbpp
2	MBPP/433	mbpp
3	HumanEval/51	humaneval
4	MBPP/235	mbpp
5	MBPP/116	mbpp
6	HumanEval/22	humaneval
7	MBPP/255	mbpp
8	HumanEval/72	humaneval
9	MBPP/297	mbpp
10	MBPP/278	mbpp
11	HumanEval/58	humaneval
12	MBPP/142	mbpp
13	MBPP/161	mbpp
14	MBPP/267	mbpp
15	MBPP/74	mbpp
16	MBPP/95	mbpp
17	MBPP/434	mbpp
18	MBPP/287	mbpp
19	MBPP/57	mbpp
20	HumanEval/144	humaneval
21	HumanEval/120	humaneval
22	HumanEval/155	humaneval
23	MBPP/462	mbpp
24	MBPP/305	mbpp
25	MBPP/101	mbpp
26	MBPP/393	mbpp
27	HumanEval/136	humaneval
28	MBPP/409	mbpp
29	HumanEval/158	humaneval
30	HumanEval/16	humaneval
31	HumanEval/24	humaneval
32	HumanEval/28	humaneval
33	HumanEval/29	humaneval
34	HumanEval/31	humaneval
35	HumanEval/32	humaneval
36	HumanEval/39	humaneval
37	HumanEval/43	humaneval
38	HumanEval/59	humaneval
39	HumanEval/62	humaneval
40	HumanEval/64	humaneval
41	HumanEval/66	humaneval
42	HumanEval/74	humaneval
43	HumanEval/80	humaneval
44	HumanEval/90	humaneval
45	HumanEval/99	humaneval
46	HumanEval/100	humaneval
47	HumanEval/126	humaneval
48	HumanEval/127	humaneval
49	HumanEval/129	humaneval
50	HumanEval/131	humaneval
51	HumanEval/140	humaneval
52	HumanEval/141	humaneval
53	HumanEval/142	humaneval
54	HumanEval/153	humaneval
55	HumanEval/160	humaneval
56	MBPP/11	mbpp
57	MBPP/20	mbpp
58	MBPP/58	mbpp
59	MBPP/59	mbpp
60	MBPP/61	mbpp
61	MBPP/68	mbpp
62	MBPP/72	mbpp
63	MBPP/77	mbpp
64	MBPP/85	mbpp
65	MBPP/118	mbpp
66	MBPP/123	mbpp
67	MBPP/124	mbpp
68	MBPP/138	mbpp
69	MBPP/162	mbpp
70	MBPP/166	mbpp
71	MBPP/167	mbpp
72	MBPP/222	mbpp
73	MBPP/227	mbpp
74	MBPP/230	mbpp
75	MBPP/232	mbpp
76	MBPP/234	mbpp
77	MBPP/240	mbpp
78	MBPP/247	mbpp
79	MBPP/249	mbpp
80	MBPP/252	mbpp
81	MBPP/256	mbpp
82	MBPP/282	mbpp
83	MBPP/285	mbpp
84	MBPP/292	mbpp
85	MBPP/301	mbpp
86	MBPP/308	mbpp
87	MBPP/388	mbpp
88	MBPP/399	mbpp
89	MBPP/404	mbpp
90	MBPP/405	mbpp
91	MBPP/417	mbpp
92	MBPP/427	mbpp
93	MBPP/428	mbpp
94	MBPP/437	mbpp
95	MBPP/438	mbpp
96	MBPP/440	mbpp
97	MBPP/464	mbpp
98	MBPP/477	mbpp
99	MBPP/479	mbpp
