# corpus_fingerprint	ba5412a5fe5d1b5f
# n_samples	98
sample_idx	task_id	source
0	MBPP/67#decontam	mbpp
1	MBPP/64#decontam	mbpp
2	MBPP/433#decontam	mbpp
3	HumanEval/51#decontam	humaneval
4	MBPP/235#decontam	mbpp
5	MBPP/116#decontam	mbpp
6	HumanEval/22#decontam	humaneval
7	MBPP/255#decontam	mbpp
8	HumanEval/72#decontam	humaneval
9	MBPP/297#decontam	mbpp
10	MBPP/278#decontam	mbpp
11	HumanEval/58#decontam	humaneval
12	MBPP/142#decontam	mbpp
13	MBPP/161#decontam	mbpp
14	MBPP/267#decontam	mbpp
15	MBPP/74#decontam	mbpp
16	MBPP/95#decontam	mbpp
17	MBPP/434#decontam	mbpp
18	MBPP/287#decontam	mbpp
19	MBPP/57#decontam	mbpp
20	HumanEval/144#decontam	humaneval
21	HumanEval/120#decontam	humaneval
22	HumanEval/155#decontam	humaneval
23	MBPP/462#decontam	mbpp
24	MBPP/305#decontam	mbpp
25	MBPP/101#decontam	mbpp
26	MBPP/393#decontam	mbpp
27	HumanEval/136#decontam	humaneval
28	MBPP/409#decontam	mbpp
29	HumanEval/158#decontam	humaneval
30	HumanEval/16#decontam	humaneval
31	HumanEval/24#decontam	humaneval
32	HumanEval/28#decontam	humaneval
33	HumanEval/29#decontam	humaneval
34	HumanEval/31#decontam	humaneval
35	HumanEval/39#decontam	humaneval
36	HumanEval/43#decontam	humaneval
37	HumanEval/59#decontam	humaneval
38	HumanEval/62#decontam	humaneval
39	HumanEval/64#decontam	humaneval
40	HumanEval/66#decontam	humaneval
41	HumanEval/74#decontam	humaneval
42	HumanEval/80#decontam	humaneval
43	HumanEval/90#decontam	humaneval
44	HumanEval/99#decontam	humaneval
45	HumanEval/100#decontam	humaneval
46	HumanEval/126#decontam	humaneval
47	HumanEval/127#decontam	humaneval
48	HumanEval/129#decontam	humaneval
49	HumanEval/131#decontam	humaneval
50	HumanEval/140#decontam	humaneval
51	HumanEval/141#decontam	humaneval
52	HumanEval/142#decontam	humaneval
53	HumanEval/153#decontam	humaneval
54	HumanEval/160#decontam	humaneval
55	MBPP/11#decontam	mbpp
56	MBPP/20#decontam	mbpp
57	MBPP/58#decontam	mbpp
58	MBPP/59#decontam	mbpp
59	MBPP/61#decontam	mbpp
60	MBPP/68#decontam	mbpp
61	MBPP/72#decontam	mbpp
62	MBPP/77#decontam	mbpp
63	MBPP/85#decontam	mbpp
64	MBPP/118#decontam	mbpp
65	MBPP/123#decontam	mbpp
66	MBPP/138#decontam	mbpp
67	MBPP/162#decontam	mbpp
68	MBPP/166#decontam	mbpp
69	MBPP/167#decontam	mbpp
70	MBPP/222#decontam	mbpp
71	MBPP/227#decontam	mbpp
72	MBPP/230#decontam	mbpp
73	MBPP/232#decontam	mbpp
74	MBPP/234#decontam	mbpp
75	MBPP/240#decontam	mbpp
76	MBPP/247#decontam	mbpp
77	MBPP/249#decontam	mbpp
78	MBPP/252#decontam	mbpp
79	MBPP/256#decontam	mbpp
80	MBPP/282#decontam	mbpp
81	MBPP/285#decontam	mbpp
82	MBPP/292#decontam	mbpp
83	MBPP/301#decontam	mbpp
84	MBPP/308#decontam	mbpp
85	MBPP/388#decontam	mbpp
86	MBPP/399#decontam	mbpp
87	MBPP/404#decontam	mbpp
88	MBPP/405#decontam	mbpp
89	MBPP/417#decontam	mbpp
90	MBPP/427#decontam	mbpp
91	MBPP/428#decontam	mbpp
92	MBPP/437#decontam	mbpp
93	MBPP/438#decontam	mbpp
94	MBPP/440#decontam	mbpp
95	MBPP/464#decontam	mbpp
96	MBPP/477#decontam	mbpp
97	MBPP/479#decontam	mbpp
