sample_id,annotator_id,timestamp,human_test_idiom,human_correctness,human_completeness,annotator_notes
s_000,SaeshwaranA,2026-05-19T23:18:44,3,3,5,"This one assertion caught my attention:

test_remove_vowels_mixed_vowels - AssertionError: assert 'BcDFgHJ' == 'BcFgJ"
s_001,SaeshwaranA,2026-05-19T23:32:18,3,5,4,There is only one type error. Some test cases could include string and integer inputs. 
s_003,SaeshwaranA,2026-05-20T17:29:10,3,3,3,"Missing exception edge cases.
One of the assertions wrong.
"
s_004,SaeshwaranA,2026-05-20T17:37:02,3,4,4,Missing boundary values and doesn't have anything defined for negative number handling(raises error). No tests for duplicates.
s_002,SaeshwaranA,2026-05-20T17:37:23,3,4,4,
s_005,SaeshwaranA,2026-05-20T17:40:26,3,3,3,No error exception test
s_006,SaeshwaranA,2026-05-20T17:52:04,3,2,4,"Edge cases are present, but their assertions are wrong. The given function doesn't work for negative numbers(temp>0)"
s_007,SaeshwaranA,2026-05-20T18:00:24,4,2,5,Negative numbers unaffected by function (temp>0)
s_008,SaeshwaranA,2026-05-20T18:05:35,3,3,4,"bell number test for negative number must return a vlaue error, not an index error"
s_009,SaeshwaranA,2026-05-20T18:07:11,3,5,4,All test cases passed!
s_010,SaeshwaranA,2026-05-20T18:10:15,3,3,3,"No error exception test.  (given error assertion wrong). Boundary conditions are mentioned as 5 and 6, but then tests for 6 and 7 are given."
s_011,SaeshwaranA,2026-05-20T18:11:10,3,5,1,"No edge cases, but multiple error cases"
s_012,SaeshwaranA,2026-05-20T18:11:55,3,5,4,
s_013,SaeshwaranA,2026-05-20T18:18:42,3,3,4,
s_014,SaeshwaranA,2026-05-20T18:20:30,3,5,3,"error exception cases given, but no edge cases"
s_015,SaeshwaranA,2026-05-20T18:22:04,3,4,4,
s_016,SaeshwaranA,2026-05-20T18:22:52,3,3,4,
s_017,SaeshwaranA,2026-05-20T18:26:42,3,3,4,"redundant tests, no behavioural tests"
s_018,SaeshwaranA,2026-05-20T18:27:15,3,5,3,
s_019,SaeshwaranA,2026-05-20T18:31:11,3,2,4,"uses parametrize, but parametrize could be used better"
s_020,SaeshwaranA,2026-05-20T18:32:08,3,5,2,
s_021,SaeshwaranA,2026-05-21T20:09:45,3,3,4,
s_022,SaeshwaranA,2026-05-21T20:11:19,3,4,3,
s_023,SaeshwaranA,2026-05-21T20:12:57,3,4,4,Edge cases not clearly mentioned
s_024,SaeshwaranA,2026-05-21T20:15:46,3,3,4,"test_tuple_to_int_none_element gives valueerror, type error asserted"
s_025,SaeshwaranA,2026-05-21T20:19:36,3,2,3,"No edge cases, although exceptions are present"
s_026,SaeshwaranA,2026-05-21T20:22:34,3,2,5,Multiple happy_path assertion errors
s_027,SaeshwaranA,2026-05-21T20:24:23,3,4,4,
s_028,SaeshwaranA,2026-05-21T20:25:37,3,4,3,edge cases wrongly defined 
s_029,SaeshwaranA,2026-05-21T20:27:22,3,3,4,
s_030,SaeshwaranA,2026-05-21T20:28:53,3,4,4,
s_031,SaeshwaranA,2026-05-21T20:30:22,3,3,4,4 assertions wrong
s_032,SaeshwaranA,2026-05-21T20:32:08,0,3,4,
s_033,SaeshwaranA,2026-05-21T20:33:54,3,1,3,
s_034,SaeshwaranA,2026-05-21T20:35:04,3,4,4,
s_035,SaeshwaranA,2026-05-21T20:35:59,0,4,3,Only one edge case(no clear boundary)
s_036,SaeshwaranA,2026-05-21T20:36:57,3,4,2,edge cases misclassified. Although contains exceptions
s_037,SaeshwaranA,2026-05-21T20:38:56,3,2,3,"Way too many edge cases(most of which asserted wrongly), no error/exception test"
s_038,SaeshwaranA,2026-05-21T20:45:13,3,4,4,Error in pytest. Cannot run pytest.
s_039,SaeshwaranA,2026-05-21T20:46:22,3,3,4,
